Workbook

Sheet Messy Data
A1: Emp ID | B1: Employee Name | C1: Department | D1: Basic_Sal | E1: HRA | F1: DA | G1: PF | H1: PT | I1: Gross | J1: Deduction | K1: Net_Sal
A2: 101 | B2: Tejswini Doundkar | C2: Sales | D2: 15000 | E2: =D2*50% -> 7500 | F2: =D2*20% -> 3000 | G2: =D2*10% -> 1500 | H2: =2500/12 -> 208.33333 | I2: =SUM(D2:F2) -> 25500 | J2: =SUM(G2:H2) -> 1708.3333 | K2: =I2-J2 -> 23791.667
A3: 102 | B3: Minakshi Narke | C3: Marketing | D3: 18000 | E3: =D3*50% -> 9000 | F3: =D3*20% -> 3600 | G3: =D3*10% -> 1800 | H3: =2500/12 -> 208.33333 | I3: =SUM(D3:F3) -> 30600 | J3: =SUM(G3:H3) -> 2008.3333 | K3: =I3-J3 -> 28591.667
A4: 103 | B4: Swati more | C4: Training | D4: 16000 | E4: =D4*50% -> 8000 | F4: =D4*20% -> 3200 | G4: =D4*10% -> 1600 | H4: =2500/12 -> 208.33333 | I4: =SUM(D4:F4) -> 27200 | J4: =SUM(G4:H4) -> 1808.3333 | K4: =I4-J4 -> 25391.667 | N4: countif
A5: 104 | B5: sidhu Kamte | C5: Admin | D5: 17000 | E5: =D5*50% -> 8500 | F5: =D5*20% -> 3400 | G5: =D5*10% -> 1700 | H5: =2500/12 -> 208.33333 | I5: =SUM(D5:F5) -> 28900 | J5: =SUM(G5:H5) -> 1908.3333 | K5: =I5-J5 -> 26991.667 | N5: =COUNTIF($C$2:$C$92,"Marketing") -> 18
A6: 105 | B6: Mayur Gore | C6: Legal | D6: 20000 | E6: =D6*50% -> 10000 | F6: =D6*20% -> 4000 | G6: =D6*10% -> 2000 | H6: =2500/12 -> 208.33333 | I6: =SUM(D6:F6) -> 34000 | J6: =SUM(G6:H6) -> 2208.3333 | K6: =I6-J6 -> 31791.667
A7: 106 | B7: Hemal cholangi | C7: Legal | D7: 21000 | E7: =D7*50% -> 10500 | F7: =D7*20% -> 4200 | G7: =D7*10% -> 2100 | H7: =2500/12 -> 208.33333 | I7: =SUM(D7:F7) -> 35700 | J7: =SUM(G7:H7) -> 2308.3333 | K7: =I7-J7 -> 33391.667 | N7: Countifs
A8: 107 | B8: Aditya Birla | C8: Marketing | D8: 13000 | E8: =D8*50% -> 6500 | F8: =D8*20% -> 2600 | G8: =D8*10% -> 1300 | H8: =2500/12 -> 208.33333 | I8: =SUM(D8:F8) -> 22100 | J8: =SUM(G8:H8) -> 1508.3333 | K8: =I8-J8 -> 20591.667 | N8: =COUNTIFS($C$2:$C$92,"Sales",$I$2:$I$92,"<30000") -> 2
A9: 108 | B9: Harsh Londhe | C9: Sales | D9: 14000 | E9: =D9*50% -> 7000 | G9: =D9*10% -> 1400 | H9: =2500/12 -> 208.33333 | I9: =SUM(D9:F9) -> 21000 | J9: =SUM(G9:H9) -> 1608.3333 | K9: =I9-J9 -> 19391.667
A10: 109 | C10: Admin | D10: 17000 | E10: =D10*50% -> 8500 | F10: =D10*20% -> 3400 | G10: =D10*10% -> 1700 | H10: =2500/12 -> 208.33333 | I10: =SUM(D10:F10) -> 28900 | J10: =SUM(G10:H10) -> 1908.3333 | K10: =I10-J10 -> 26991.667
A11: 110 | B11: Aankush Lokhande | C11: Training | D11: 21000 | E11: =D11*50% -> 10500 | F11: =D11*20% -> 4200 | G11: =D11*10% -> 2100 | H11: =2500/12 -> 208.33333 | I11: =SUM(D11:F11) -> 35700 | J11: =SUM(G11:H11) -> 2308.3333 | K11: =I11-J11 -> 33391.667
A12: 111 | B12: Kishori Mehata | C12: Sales | D12: 19000 | E12: =D12*50% -> 9500 | F12: =D12*20% -> 3800 | G12: =D12*10% -> 1900 | H12: =2500/12 -> 208.33333 | I12: =SUM(D12:F12) -> 32300 | J12: =SUM(G12:H12) -> 2108.3333 | K12: =I12-J12 -> 30191.667
A13: 112 | B13: Sonalika Bhide | C13: Marketing | D13: 12000 | E13: =D13*50% -> 6000 | F13: =D13*20% -> 2400 | G13: =D13*10% -> 1200 | H13: =2500/12 -> 208.33333 | I13: =SUM(D13:F13) -> 20400 | J13: =SUM(G13:H13) -> 1408.3333 | K13: =I13-J13 -> 18991.667
A14: 113 | B14: Roshan Sodhi | C14: Legal | E14: =D14*50% -> 0 | F14: =D14*20% -> 0 | G14: =D14*10% -> 0 | H14: =2500/12 -> 208.33333 | I14: =SUM(D14:F14) -> 0 | J14: =SUM(G14:H14) -> 208.33333 | K14: =I14-J14 -> -208.33333
A15: 114 | B15: Rohini Markute | C15: Admin | D15: 20000 | E15: =D15*50% -> 10000 | F15: =D15*20% -> 4000 | G15: =D15*10% -> 2000 | H15: =2500/12 -> 208.33333 | I15: =SUM(D15:F15) -> 34000 | J15: =SUM(G15:H15) -> 2208.3333 | K15: =I15-J15 -> 31791.667
A16: 115 | B16: Raja Verma | C16: Training | D16: 23000 | E16: =D16*50% -> 11500 | F16: =D16*20% -> 4600 | G16: =D16*10% -> 2300 | H16: =2500/12 -> 208.33333 | I16: =SUM(D16:F16) -> 39100 | J16: =SUM(G16:H16) -> 2508.3333 | K16: =I16-J16 -> 36591.667
A17: 116 | B17: Hemal cholangi | C17: Sales | D17: 18238.095 | E17: =D17*50% -> 9119.0476 | F17: =D17*20% -> 3647.619 | G17: =D17*10% -> 1823.8095 | H17: =2500/12 -> 208.33333 | I17: =SUM(D17:F17) -> 31004.762 | J17: =SUM(G17:H17) -> 2032.1429 | K17: =I17-J17 -> 28972.619
A18: 117 | B18: Raju Edhe | C18: Marketing | D18: 18359.524 | E18: =D18*50% -> 9179.7619 | F18: =D18*20% -> 3671.9048 | G18: =D18*10% -> 1835.9524 | H18: =2500/12 -> 208.33333 | I18: =SUM(D18:F18) -> 31211.19 | J18: =SUM(G18:H18) -> 2044.2857 | K18: =I18-J18 -> 29166.905
A19: 118 | B19: manurama | C19: Training | D19: 18480.952 | E19: =D19*50% -> 9240.4762 | F19: =D19*20% -> 3696.1905 | G19: =D19*10% -> 1848.0952 | I19: =SUM(D19:F19) -> 31417.619 | J19: =SUM(G19:H19) -> 1848.0952 | K19: =I19-J19 -> 29569.524
A20: 119 | B20: Harsh Londhe | C20: Admin | D20: 18602.381 | E20: =D20*50% -> 9301.1905 | F20: =D20*20% -> 3720.4762 | G20: =D20*10% -> 1860.2381 | H20: =2500/12 -> 208.33333 | I20: =SUM(D20:F20) -> 31624.048 | J20: =SUM(G20:H20) -> 2068.5714 | K20: =I20-J20 -> 29555.476
A21: 120 | B21: Mina Kumari | C21: Legal | D21: 18723.81 | E21: =D21*50% -> 9361.9048 | F21: =D21*20% -> 3744.7619 | G21: =D21*10% -> 1872.381 | H21: =2500/12 -> 208.33333 | I21: =SUM(D21:F21) -> 31830.476 | J21: =SUM(G21:H21) -> 2080.7143 | K21: =I21-J21 -> 29749.762
A22: 121 | B22: Sagar Kusalkar | C22: Legal | D22: 18845.238 | E22: =D22*50% -> 9422.619 | F22: =D22*20% -> 3769.0476 | G22: =D22*10% -> 1884.5238 | H22: =2500/12 -> 208.33333 | I22: =SUM(D22:F22) -> 32036.905 | J22: =SUM(G22:H22) -> 2092.8571 | K22: =I22-J22 -> 29944.048
A23: 122 | B23: Santosh Kusalkar | C23: Marketing | D23: 18966.667 | E23: =D23*50% -> 9483.3333 | F23: =D23*20% -> 3793.3333 | G23: =D23*10% -> 1896.6667 | H23: =2500/12 -> 208.33333 | I23: =SUM(D23:F23) -> 32243.333 | J23: =SUM(G23:H23) -> 2105 | K23: =I23-J23 -> 30138.333
A24: 123 | B24: Aditya Bhode | C24: Sales | D24: 19088.095 | E24: =D24*50% -> 9544.0476 | F24: =D24*20% -> 3817.619 | G24: =D24*10% -> 1908.8095 | H24: =2500/12 -> 208.33333 | I24: =SUM(D24:F24) -> 32449.762 | J24: =SUM(G24:H24) -> 2117.1429 | K24: =I24-J24 -> 30332.619
A25: 124 | B25: Sahil Doundkar | C25: Admin | D25: 19209.524 | E25: =D25*50% -> 9604.7619 | F25: =D25*20% -> 3841.9048 | G25: =D25*10% -> 1920.9524 | H25: =2500/12 -> 208.33333 | I25: =SUM(D25:F25) -> 32656.19 | J25: =SUM(G25:H25) -> 2129.2857 | K25: =I25-J25 -> 30526.905
A26: 125 | B26: Ajay Rathod | C26: Training | D26: 19330.952 | E26: =D26*50% -> 9665.4762 | F26: =D26*20% -> 3866.1905 | G26: =D26*10% -> 1933.0952 | H26: =2500/12 -> 208.33333 | I26: =SUM(D26:F26) -> 32862.619 | J26: =SUM(G26:H26) -> 2141.4286 | K26: =I26-J26 -> 30721.19
A27: 126 | B27: Vaishnavi Alandkar | C27: Sales | D27: 19452.381 | E27: =D27*50% -> 9726.1905 | F27: =D27*20% -> 3890.4762 | G27: =D27*10% -> 1945.2381 | H27: =2500/12 -> 208.33333 | I27: =SUM(D27:F27) -> 33069.048 | J27: =SUM(G27:H27) -> 2153.5714 | K27: =I27-J27 -> 30915.476
A28: 127 | B28: Manish Verma | C28: Marketing | D28: 19573.81 | E28: =D28*50% -> 9786.9048 | F28: =D28*20% -> 3914.7619 | G28: =D28*10% -> 1957.381 | H28: =2500/12 -> 208.33333 | I28: =SUM(D28:F28) -> 33275.476 | J28: =SUM(G28:H28) -> 2165.7143 | K28: =I28-J28 -> 31109.762
A29: 128 | B29: Jyoti Verma | C29: Legal | D29: 19695.238 | E29: =D29*50% -> 9847.619 | F29: =D29*20% -> 3939.0476 | G29: =D29*10% -> 1969.5238 | H29: =2500/12 -> 208.33333 | I29: =SUM(D29:F29) -> 33481.905 | J29: =SUM(G29:H29) -> 2177.8571 | K29: =I29-J29 -> 31304.048
A30: 129 | B30: Dimpal kapadya | C30: Admin | D30: 19816.667 | E30: =D30*50% -> 9908.3333 | F30: =D30*20% -> 3963.3333 | G30: =D30*10% -> 1981.6667 | H30: =2500/12 -> 208.33333 | I30: =SUM(D30:F30) -> 33688.333 | J30: =SUM(G30:H30) -> 2190 | K30: =I30-J30 -> 31498.333
A31: 130 | B31: Shorya Pingle | C31: Training | D31: 19938.095 | E31: =D31*50% -> 9969.0476 | F31: =D31*20% -> 3987.619 | G31: =D31*10% -> 1993.8095 | H31: =2500/12 -> 208.33333 | I31: =SUM(D31:F31) -> 33894.762 | J31: =SUM(G31:H31) -> 2202.1429 | K31: =I31-J31 -> 31692.619
... A92: 191 | B92: Aarti Nawale | C92: Sales | D92: 27345.238 | E92: =D92*50% -> 13672.619 | F92: =D92*20% -> 5469.0476 | G92: =D92*10% -> 2734.5238 | H92: =2500/12 -> 208.33333 | I92: =SUM(D92:F92) -> 46486.905 | J92: =SUM(G92:H92) -> 2942.8571 | K92: =I92-J92 -> 43544.048

Sheet Clean Data
A1: Emp ID | B1: Employee Name | C1: Department | D1: Basic_Sal | E1: HRA | F1: DA | G1: PF | H1: PT | I1: Gross | J1: Deduction | K1: Net_Sal
A2: 101 | B2: Tejswini Doundkar | C2: Sales | D2: 15000 | E2: =D2*50% -> 7500 | F2: =D2*20% -> 3000 | G2: =D2*10% -> 1500 | H2: =2500/12 -> 208.33333 | I2: =SUM(D2:F2) -> 25500 | J2: =SUM(G2:H2) -> 1708.3333 | K2: =I2-J2 -> 23791.667
A3: 102 | B3: Minakshi Narke | C3: Marketing | D3: 18000 | E3: =D3*50% -> 9000 | F3: =D3*20% -> 3600 | G3: =D3*10% -> 1800 | H3: =2500/12 -> 208.33333 | I3: =SUM(D3:F3) -> 30600 | J3: =SUM(G3:H3) -> 2008.3333 | K3: =I3-J3 -> 28591.667
A4: 103 | B4: Swati More | C4: Training | D4: 16000 | E4: =D4*50% -> 8000 | F4: =D4*20% -> 3200 | G4: =D4*10% -> 1600 | H4: =2500/12 -> 208.33333 | I4: =SUM(D4:F4) -> 27200 | J4: =SUM(G4:H4) -> 1808.3333 | K4: =I4-J4 -> 25391.667
A5: 104 | B5: sidhu Kamte | C5: Admin | D5: 17000 | E5: =D5*50% -> 8500 | F5: =D5*20% -> 3400 | G5: =D5*10% -> 1700 | H5: =2500/12 -> 208.33333 | I5: =SUM(D5:F5) -> 28900 | J5: =SUM(G5:H5) -> 1908.3333 | K5: =I5-J5 -> 26991.667
A6: 105 | B6: Mayur Gore | C6: Legal | D6: 20000 | E6: =D6*50% -> 10000 | F6: =D6*20% -> 4000 | G6: =D6*10% -> 2000 | H6: =2500/12 -> 208.33333 | I6: =SUM(D6:F6) -> 34000 | J6: =SUM(G6:H6) -> 2208.3333 | K6: =I6-J6 -> 31791.667
A7: 106 | B7: Hemal cholangi | C7: Legal | D7: 21000 | E7: =D7*50% -> 10500 | F7: =D7*20% -> 4200 | G7: =D7*10% -> 2100 | H7: =2500/12 -> 208.33333 | I7: =SUM(D7:F7) -> 35700 | J7: =SUM(G7:H7) -> 2308.3333 | K7: =I7-J7 -> 33391.667
A8: 107 | B8: Aditya Birla | C8: Marketing | D8: 13000 | E8: =D8*50% -> 6500 | F8: =D8*20% -> 2600 | G8: =D8*10% -> 1300 | H8: =2500/12 -> 208.33333 | I8: =SUM(D8:F8) -> 22100 | J8: =SUM(G8:H8) -> 1508.3333 | K8: =I8-J8 -> 20591.667
A9: 108 | B9: Harsh Londhe | C9: Sales | D9: 14000 | E9: =D9*50% -> 7000 | F9: =D9*20% -> 2800 | G9: =D9*10% -> 1400 | H9: =2500/12 -> 208.33333 | I9: =SUM(D9:F9) -> 23800 | J9: =SUM(G9:H9) -> 1608.3333 | K9: =I9-J9 -> 22191.667
A10: 109 | B10: Kaveri Pagare | C10: Admin | D10: 17000 | E10: =D10*50% -> 8500 | F10: =D10*20% -> 3400 | G10: =D10*10% -> 1700 | H10: =2500/12 -> 208.33333 | I10: =SUM(D10:F10) -> 28900 | J10: =SUM(G10:H10) -> 1908.3333 | K10: =I10-J10 -> 26991.667
A11: 110 | B11: Aankush Lokhande | C11: Training | D11: 21000 | E11: =D11*50% -> 10500 | F11: =D11*20% -> 4200 | G11: =D11*10% -> 2100 | H11: =2500/12 -> 208.33333 | I11: =SUM(D11:F11) -> 35700 | J11: =SUM(G11:H11) -> 2308.3333 | K11: =I11-J11 -> 33391.667
A12: 111 | B12: Kishori Mehata | C12: Sales | D12: 19000 | E12: =D12*50% -> 9500 | F12: =D12*20% -> 3800 | G12: =D12*10% -> 1900 | H12: =2500/12 -> 208.33333 | I12: =SUM(D12:F12) -> 32300 | J12: =SUM(G12:H12) -> 2108.3333 | K12: =I12-J12 -> 30191.667
A13: 112 | B13: Sonalika Bhide | C13: Marketing | D13: 12000 | E13: =D13*50% -> 6000 | F13: =D13*20% -> 2400 | G13: =D13*10% -> 1200 | H13: =2500/12 -> 208.33333 | I13: =SUM(D13:F13) -> 20400 | J13: =SUM(G13:H13) -> 1408.3333 | K13: =I13-J13 -> 18991.667
... A92: 191 | B92: Aarti Nawale | C92: Sales | D92: 27345.238 | E92: =D92*50% -> 13672.619 | F92: =D92*20% -> 5469.0476 | G92: =D92*10% -> 2734.5238 | H92: =2500/12 -> 208.33333 | I92: =SUM(D92:F92) -> 46486.905 | J92: =SUM(G92:H92) -> 2942.8571 | K92: =I92-J92 -> 43544.048

Sheet Data Cleaning
A1: Emp ID | B1: Employee Name | C1: TRIM Function | D1: PROPER Function | E1: BLANK CELL | F1: Department | G1: Basic_Sal | H1: HRA | I1: DA | J1: PF | K1: PT | L1: Gross | M1: Deduction | N1: Net_Sal
A2: 101 | B2: Champa Chameli | C2: =TRIM(B2) -> Champa Chameli | D2: =PROPER(C2) -> Champa Chameli | E2: =D2 -> Champa Chameli | F2: Sales | G2: 15000 | H2: =G2*50% -> 7500 | I2: =G2*20% -> 3000 | J2: =G2*10% -> 1500 | K2: =2500/12 -> 208.33333 | L2: =SUM(G2:I2) -> 25500 | M2: =SUM(J2:K2) -> 1708.3333 | N2: =L2-M2 -> 23791.667
A3: 102 | B3: Minakshi Narke | C3: =TRIM(B3) -> Minakshi Narke | D3: =PROPER(C3) -> Minakshi Narke | E3: =D3 -> Minakshi Narke | F3: Marketing | G3: 18000 | H3: =G3*50% -> 9000 | I3: =G3*20% -> 3600 | J3: =G3*10% -> 1800 | K3: =2500/12 -> 208.33333 | L3: =SUM(G3:I3) -> 30600 | M3: =SUM(J3:K3) -> 2008.3333 | N3: =L3-M3 -> 28591.667
A4: 103 | B4: Swati more | C4: =TRIM(B4) -> Swati more | D4: =PROPER(C4) -> Swati More | E4: =D4 -> Swati More | F4: Training | G4: 16000 | H4: =G4*50% -> 8000 | I4: =G4*20% -> 3200 | J4: =G4*10% -> 1600 | K4: =2500/12 -> 208.33333 | L4: =SUM(G4:I4) -> 27200 | M4: =SUM(J4:K4) -> 1808.3333 | N4: =L4-M4 -> 25391.667 | R4: =TRIM(B2) -> Champa Chameli
A5: 104 | B5: sidhu Kamte | C5: =TRIM(B5) -> sidhu Kamte | D5: =PROPER(C5) -> Sidhu Kamte | E5: =D5 -> Sidhu Kamte | F5: Admin | G5: 17000 | H5: =G5*50% -> 8500 | I5: =G5*20% -> 3400 | J5: =G5*10% -> 1700 | K5: =2500/12 -> 208.33333 | L5: =SUM(G5:I5) -> 28900 | M5: =SUM(J5:K5) -> 1908.3333 | N5: =L5-M5 -> 26991.667
A6: 105 | B6: Mayur Gore | C6: =TRIM(B6) -> Mayur Gore | D6: =PROPER(C6) -> Mayur Gore | E6: =D6 -> Mayur Gore | F6: Legal | G6: 20000 | H6: =G6*50% -> 10000 | I6: =G6*20% -> 4000 | J6: =G6*10% -> 2000 | K6: =2500/12 -> 208.33333 | L6: =SUM(G6:I6) -> 34000 | M6: =SUM(J6:K6) -> 2208.3333 | N6: =L6-M6 -> 31791.667
A7: 106 | B7: Hemal cholangi | C7: =TRIM(B7) -> Hemal cholangi | D7: =PROPER(C7) -> Hemal Cholangi | E7: =D7 -> Hemal Cholangi | F7: Legal | G7: 21000 | H7: =G7*50% -> 10500 | I7: =G7*20% -> 4200 | J7: =G7*10% -> 2100 | K7: =2500/12 -> 208.33333 | L7: =SUM(G7:I7) -> 35700 | M7: =SUM(J7:K7) -> 2308.3333 | N7: =L7-M7 -> 33391.667
A8: 107 | B8: Aditya Birla | C8: =TRIM(B8) -> Aditya Birla | D8: =PROPER(C8) -> Aditya Birla | E8: =D8 -> Aditya Birla | F8: Marketing | G8: 13000 | H8: =G8*50% -> 6500 | I8: =G8*20% -> 2600 | J8: =G8*10% -> 1300 | K8: =2500/12 -> 208.33333 | L8: =SUM(G8:I8) -> 22100 | M8: =SUM(J8:K8) -> 1508.3333 | N8: =L8-M8 -> 20591.667
A9: 108 | B9: Harsh Londhe | C9: =TRIM(B9) -> Harsh Londhe | D9: =PROPER(C9) -> Harsh Londhe | E9: =D9 -> Harsh Londhe | F9: Sales | G9: 14000 | H9: =G9*50% -> 7000 | J9: =G9*10% -> 1400 | K9: =2500/12 -> 208.33333 | L9: =SUM(G9:I9) -> 21000 | M9: =SUM(J9:K9) -> 1608.3333 | N9: =L9-M9 -> 19391.667
A10: 109 | B10: N\A | C10: =TRIM(B10) -> N\A | D10: =PROPER(C10) -> N\A | E10: =D10 -> N\A | F10: Admin | G10: 17000 | H10: =G10*50% -> 8500 | I10: =G10*20% -> 3400 | J10: =G10*10% -> 1700 | K10: =2500/12 -> 208.33333 | L10: =SUM(G10:I10) -> 28900 | M10: =SUM(J10:K10) -> 1908.3333 | N10: =L10-M10 -> 26991.667
A11: 110 | B11: Aankush Lokhande | C11: =TRIM(B11) -> Aankush Lokhande | D11: =PROPER(C11) -> Aankush Lokhande | E11: =D11 -> Aankush Lokhande | F11: Training | G11: 21000 | H11: =G11*50% -> 10500 | I11: =G11*20% -> 4200 | J11: =G11*10% -> 2100 | K11: =2500/12 -> 208.33333 | L11: =SUM(G11:I11) -> 35700 | M11: =SUM(J11:K11) -> 2308.3333 | N11: =L11-M11 -> 33391.667
A12: 111 | B12: Kishori Mehata | C12: =TRIM(B12) -> Kishori Mehata | D12: =PROPER(C12) -> Kishori Mehata | E12: =D12 -> Kishori Mehata | F12: Sales | G12: 19000 | H12: =G12*50% -> 9500 | I12: =G12*20% -> 3800 | J12: =G12*10% -> 1900 | K12: =2500/12 -> 208.33333 | L12: =SUM(G12:I12) -> 32300 | M12: =SUM(J12:K12) -> 2108.3333 | N12: =L12-M12 -> 30191.667
A13: 112 | B13: Sonalika Bhide | C13: =TRIM(B13) -> Sonalika Bhide | D13: =PROPER(C13) -> Sonalika Bhide | E13: =D13 -> Sonalika Bhide | F13: Marketing | G13: 12000 | H13: =G13*50% -> 6000 | I13: =G13*20% -> 2400 | J13: =G13*10% -> 1200 | K13: =2500/12 -> 208.33333 | L13: =SUM(G13:I13) -> 20400 | M13: =SUM(J13:K13) -> 1408.3333 | N13: =L13-M13 -> 18991.667
A14: 113 | B14: Roshan Sodhi | C14: =TRIM(B14) -> Roshan Sodhi | D14: =PROPER(C14) -> Roshan Sodhi | E14: =D14 -> Roshan Sodhi | F14: Legal | H14: =G14*50% -> 0 | I14: =G14*20% -> 0 | J14: =G14*10% -> 0 | K14: =2500/12 -> 208.33333 | L14: =SUM(G14:I14) -> 0 | M14: =SUM(J14:K14) -> 208.33333 | N14: =L14-M14 -> -208.33333
A15: 114 | B15: Rohini Markute | C15: =TRIM(B15) -> Rohini Markute | D15: =PROPER(C15) -> Rohini Markute | E15: =D15 -> Rohini Markute | F15: Admin | G15: 20000 | H15: =G15*50% -> 10000 | I15: =G15*20% -> 4000 | J15: =G15*10% -> 2000 | K15: =2500/12 -> 208.33333 | L15: =SUM(G15:I15) -> 34000 | M15: =SUM(J15:K15) -> 2208.3333 | N15: =L15-M15 -> 31791.667
A16: 115 | B16: Raja Verma | C16: =TRIM(B16) -> Raja Verma | D16: =PROPER(C16) -> Raja Verma | E16: =D16 -> Raja Verma | F16: Training | G16: 23000 | H16: =G16*50% -> 11500 | I16: =G16*20% -> 4600 | J16: =G16*10% -> 2300 | K16: =2500/12 -> 208.33333 | L16: =SUM(G16:I16) -> 39100 | M16: =SUM(J16:K16) -> 2508.3333 | N16: =L16-M16 -> 36591.667
A17: 116 | B17: Hemal cholangi | C17: =TRIM(B17) -> Hemal cholangi | D17: =PROPER(C17) -> Hemal Cholangi | E17: =D17 -> Hemal Cholangi | F17: Sales | G17: 18238.095 | H17: =G17*50% -> 9119.0476 | I17: =G17*20% -> 3647.619 | J17: =G17*10% -> 1823.8095 | K17: =2500/12 -> 208.33333 | L17: =SUM(G17:I17) -> 31004.762 | M17: =SUM(J17:K17) -> 2032.1429 | N17: =L17-M17 -> 28972.619
A18: 117 | B18: Raju Edhe | C18: =TRIM(B18) -> Raju Edhe | D18: =PROPER(C18) -> Raju Edhe | E18: =D18 -> Raju Edhe | F18: Marketing | G18: 18359.524 | H18: =G18*50% -> 9179.7619 | I18: =G18*20% -> 3671.9048 | J18: =G18*10% -> 1835.9524 | K18: =2500/12 -> 208.33333 | L18: =SUM(G18:I18) -> 31211.19 | M18: =SUM(J18:K18) -> 2044.2857 | N18: =L18-M18 -> 29166.905
A19: 118 | B19: manurama | C19: =TRIM(B19) -> manurama | D19: =PROPER(C19) -> Manurama | E19: =D19 -> Manurama | F19: Training | G19: 18480.952 | H19: =G19*50% -> 9240.4762 | I19: =G19*20% -> 3696.1905 | J19: =G19*10% -> 1848.0952 | L19: =SUM(G19:I19) -> 31417.619 | M19: =SUM(J19:K19) -> 1848.0952 | N19: =L19-M19 -> 29569.524
A20: 119 | B20: Harsh Londhe | C20: =TRIM(B20) -> Harsh Londhe | D20: =PROPER(C20) -> Harsh Londhe | E20: =D20 -> Harsh Londhe | F20: Admin | G20: 18602.381 | H20: =G20*50% -> 9301.1905 | I20: =G20*20% -> 3720.4762 | J20: =G20*10% -> 1860.2381 | K20: =2500/12 -> 208.33333 | L20: =SUM(G20:I20) -> 31624.048 | M20: =SUM(J20:K20) -> 2068.5714 | N20: =L20-M20 -> 29555.476
A21: 120 | B21: Mina Kumari | C21: =TRIM(B21) -> Mina Kumari | D21: =PROPER(C21) -> Mina Kumari | E21: =D21 -> Mina Kumari | F21: Legal | G21: 18723.81 | H21: =G21*50% -> 9361.9048 | I21: =G21*20% -> 3744.7619 | J21: =G21*10% -> 1872.381 | K21: =2500/12 -> 208.33333 | L21: =SUM(G21:I21) -> 31830.476 | M21: =SUM(J21:K21) -> 2080.7143 | N21: =L21-M21 -> 29749.762
A22: 121 | B22: Sagar Kusalkar | C22: =TRIM(B22) -> Sagar Kusalkar | D22: =PROPER(C22) -> Sagar Kusalkar | E22: =D22 -> Sagar Kusalkar | F22: Legal | G22: 18845.238 | H22: =G22*50% -> 9422.619 | I22: =G22*20% -> 3769.0476 | J22: =G22*10% -> 1884.5238 | K22: =2500/12 -> 208.33333 | L22: =SUM(G22:I22) -> 32036.905 | M22: =SUM(J22:K22) -> 2092.8571 | N22: =L22-M22 -> 29944.048
A23: 122 | B23: Santosh Kusalkar | C23: =TRIM(B23) -> Santosh Kusalkar | D23: =PROPER(C23) -> Santosh Kusalkar | E23: =D23 -> Santosh Kusalkar | F23: Marketing | G23: 18966.667 | H23: =G23*50% -> 9483.3333 | I23: =G23*20% -> 3793.3333 | J23: =G23*10% -> 1896.6667 | K23: =2500/12 -> 208.33333 | L23: =SUM(G23:I23) -> 32243.333 | M23: =SUM(J23:K23) -> 2105 | N23: =L23-M23 -> 30138.333
A24: 123 | B24: Aditya Bhode | C24: =TRIM(B24) -> Aditya Bhode | D24: =PROPER(C24) -> Aditya Bhode | E24: =D24 -> Aditya Bhode | F24: Sales | G24: 19088.095 | H24: =G24*50% -> 9544.0476 | I24: =G24*20% -> 3817.619 | J24: =G24*10% -> 1908.8095 | K24: =2500/12 -> 208.33333 | L24: =SUM(G24:I24) -> 32449.762 | M24: =SUM(J24:K24) -> 2117.1429 | N24: =L24-M24 -> 30332.619
A25: 124 | B25: Sahil Doundkar | C25: =TRIM(B25) -> Sahil Doundkar | D25: =PROPER(C25) -> Sahil Doundkar | E25: =D25 -> Sahil Doundkar | F25: Admin | G25: 19209.524 | H25: =G25*50% -> 9604.7619 | I25: =G25*20% -> 3841.9048 | J25: =G25*10% -> 1920.9524 | K25: =2500/12 -> 208.33333 | L25: =SUM(G25:I25) -> 32656.19 | M25: =SUM(J25:K25) -> 2129.2857 | N25: =L25-M25 -> 30526.905
A26: 125 | B26: Ajay Rathod | C26: =TRIM(B26) -> Ajay Rathod | D26: =PROPER(C26) -> Ajay Rathod | E26: =D26 -> Ajay Rathod | F26: Training | G26: 19330.952 | H26: =G26*50% -> 9665.4762 | I26: =G26*20% -> 3866.1905 | J26: =G26*10% -> 1933.0952 | K26: =2500/12 -> 208.33333 | L26: =SUM(G26:I26) -> 32862.619 | M26: =SUM(J26:K26) -> 2141.4286 | N26: =L26-M26 -> 30721.19
A27: 126 | B27: Vaishnavi Alandkar | C27: =TRIM(B27) -> Vaishnavi Alandkar | D27: =PROPER(C27) -> Vaishnavi Alandkar | E27: =D27 -> Vaishnavi Alandkar | F27: Sales | G27: 19452.381 | H27: =G27*50% -> 9726.1905 | I27: =G27*20% -> 3890.4762 | J27: =G27*10% -> 1945.2381 | K27: =2500/12 -> 208.33333 | L27: =SUM(G27:I27) -> 33069.048 | M27: =SUM(J27:K27) -> 2153.5714 | N27: =L27-M27 -> 30915.476
A28: 127 | B28: Manish Verma | C28: =TRIM(B28) -> Manish Verma | D28: =PROPER(C28) -> Manish Verma | E28: =D28 -> Manish Verma | F28: Marketing | G28: 19573.81 | H28: =G28*50% -> 9786.9048 | I28: =G28*20% -> 3914.7619 | J28: =G28*10% -> 1957.381 | K28: =2500/12 -> 208.33333 | L28: =SUM(G28:I28) -> 33275.476 | M28: =SUM(J28:K28) -> 2165.7143 | N28: =L28-M28 -> 31109.762
A29: 128 | B29: Jyoti Verma | C29: =TRIM(B29) -> Jyoti Verma | D29: =PROPER(C29) -> Jyoti Verma | E29: =D29 -> Jyoti Verma | F29: Legal | G29: 19695.238 | H29: =G29*50% -> 9847.619 | I29: =G29*20% -> 3939.0476 | J29: =G29*10% -> 1969.5238 | K29: =2500/12 -> 208.33333 | L29: =SUM(G29:I29) -> 33481.905 | M29: =SUM(J29:K29) -> 2177.8571 | N29: =L29-M29 -> 31304.048
A30: 129 | B30: Dimpal kapadya | C30: =TRIM(B30) -> Dimpal kapadya | D30: =PROPER(C30) -> Dimpal Kapadya | E30: =D30 -> Dimpal Kapadya | F30: Admin | G30: 19816.667 | H30: =G30*50% -> 9908.3333 | I30: =G30*20% -> 3963.3333 | J30: =G30*10% -> 1981.6667 | K30: =2500/12 -> 208.33333 | L30: =SUM(G30:I30) -> 33688.333 | M30: =SUM(J30:K30) -> 2190 | N30: =L30-M30 -> 31498.333
A31: 130 | B31: Shorya Pingle | C31: =TRIM(B31) -> Shorya Pingle | D31: =PROPER(C31) -> Shorya Pingle | E31: =D31 -> Shorya Pingle | F31: Training | G31: 19938.095 | H31: =G31*50% -> 9969.0476 | I31: =G31*20% -> 3987.619 | J31: =G31*10% -> 1993.8095 | K31: =2500/12 -> 208.33333 | L31: =SUM(G31:I31) -> 33894.762 | M31: =SUM(J31:K31) -> 2202.1429 | N31: =L31-M31 -> 31692.619
... A92: 191 | B92: Aarti Nawale | C92: =TRIM(B92) -> Aarti Nawale | D92: =PROPER(C92) -> Aarti Nawale | E92: =D92 -> Aarti Nawale | F92: Sales | G92: 27345.238 | H92: =G92*50% -> 13672.619 | I92: =G92*20% -> 5469.0476 | J92: =G92*10% -> 2734.5238 | K92: =2500/12 -> 208.33333 | L92: =SUM(G92:I92) -> 46486.905 | M92: =SUM(J92:K92) -> 2942.8571 | N92: =L92-M92 -> 43544.048

Sheet Vlookup
C1: VLOOKUP
A2: Emp ID | B2: Employee Name | C2: Department | D2: Basic_Sal | E2: HRA | F2: DA | G2: PF | H2: PT | I2: Gross | J2: Deduction | K2: Net_Sal
A3: 101 | B3: Tejswini Doundkar | C3: Sales | D3: 15000 | E3: =D3*50% -> 7500 | F3: =D3*20% -> 3000 | G3: =D3*10% -> 1500 | H3: =2500/12 -> 208.33333 | I3: =SUM(D3:F3) -> 25500 | J3: =SUM(G3:H3) -> 1708.3333 | K3: =I3-J3 -> 23791.667
A4: 102 | B4: Minakshi Narke | C4: Marketing | D4: 18000 | E4: =D4*50% -> 9000 | F4: =D4*20% -> 3600 | G4: =D4*10% -> 1800 | H4: =2500/12 -> 208.33333 | I4: =SUM(D4:F4) -> 30600 | J4: =SUM(G4:H4) -> 2008.3333 | K4: =I4-J4 -> 28591.667
A5: 103 | B5: Swati More | C5: Training | D5: 16000 | E5: =D5*50% -> 8000 | F5: =D5*20% -> 3200 | G5: =D5*10% -> 1600 | H5: =2500/12 -> 208.33333 | I5: =SUM(D5:F5) -> 27200 | J5: =SUM(G5:H5) -> 1808.3333 | K5: =I5-J5 -> 25391.667
A6: 104 | B6: Sidhu Kamte | C6: Admin | D6: 17000 | E6: =D6*50% -> 8500 | F6: =D6*20% -> 3400 | G6: =D6*10% -> 1700 | H6: =2500/12 -> 208.33333 | I6: =SUM(D6:F6) -> 28900 | J6: =SUM(G6:H6) -> 1908.3333 | K6: =I6-J6 -> 26991.667
A7: 105 | B7: Mayur Gore | C7: Legal | D7: 20000 | E7: =D7*50% -> 10000 | F7: =D7*20% -> 4000 | G7: =D7*10% -> 2000 | H7: =2500/12 -> 208.33333 | I7: =SUM(D7:F7) -> 34000 | J7: =SUM(G7:H7) -> 2208.3333 | K7: =I7-J7 -> 31791.667
A8: 106 | B8: Hemal Cholangi | C8: Legal | D8: 21000 | E8: =D8*50% -> 10500 | F8: =D8*20% -> 4200 | G8: =D8*10% -> 2100 | H8: =2500/12 -> 208.33333 | I8: =SUM(D8:F8) -> 35700 | J8: =SUM(G8:H8) -> 2308.3333 | K8: =I8-J8 -> 33391.667
A9: 107 | B9: Aditya Birla | C9: Marketing | D9: 13000 | E9: =D9*50% -> 6500 | F9: =D9*20% -> 2600 | G9: =D9*10% -> 1300 | H9: =2500/12 -> 208.33333 | I9: =SUM(D9:F9) -> 22100 | J9: =SUM(G9:H9) -> 1508.3333 | K9: =I9-J9 -> 20591.667
A10: 108 | B10: Harsh Londhe | C10: =IFERROR(VLOOKUP(A10,$A$3:$K$17,3,0),"Data Not Found") -> 0 | D10: 14000 | E10: =D10*50% -> 7000 | F10: =D10*20% -> 2800 | G10: =D10*10% -> 1400 | H10: =2500/12 -> 208.33333 | I10: =SUM(D10:F10) -> 23800 | J10: =SUM(G10:H10) -> 1608.3333 | K10: =I10-J10 -> 22191.667
A11: 109 | B11: Kaveri Pagare | C11: Admin | D11: 17000 | E11: =D11*50% -> 8500 | F11: =D11*20% -> 3400 | G11: =D11*10% -> 1700 | H11: =2500/12 -> 208.33333 | I11: =SUM(D11:F11) -> 28900 | J11: =SUM(G11:H11) -> 1908.3333 | K11: =I11-J11 -> 26991.667
A12: 110 | B12: Aankush Lokhande | C12: Training | D12: 21000 | E12: =D12*50% -> 10500 | F12: =D12*20% -> 4200 | G12: =D12*10% -> 2100 | H12: =2500/12 -> 208.33333 | I12: =SUM(D12:F12) -> 35700 | J12: =SUM(G12:H12) -> 2308.3333 | K12: =I12-J12 -> 33391.667
A13: 111 | B13: Kishori Mehata | C13: Sales | D13: 19000 | E13: =D13*50% -> 9500 | F13: =D13*20% -> 3800 | G13: =D13*10% -> 1900 | H13: =2500/12 -> 208.33333 | I13: =SUM(D13:F13) -> 32300 | J13: =SUM(G13:H13) -> 2108.3333 | K13: =I13-J13 -> 30191.667
A14: 112 | B14: Sonalika Bhide | C14: Marketing | D14: 12000 | E14: =D14*50% -> 6000 | F14: =D14*20% -> 2400 | G14: =D14*10% -> 1200 | H14: =2500/12 -> 208.33333 | I14: =SUM(D14:F14) -> 20400 | J14: =SUM(G14:H14) -> 1408.3333 | K14: =I14-J14 -> 18991.667
A15: 113 | B15: Roshan Sodhi | C15: Legal | D15: 13000 | E15: =D15*50% -> 6500 | F15: =D15*20% -> 2600 | G15: =D15*10% -> 1300 | H15: =2500/12 -> 208.33333 | I15: =SUM(D15:F15) -> 22100 | J15: =SUM(G15:H15) -> 1508.3333 | K15: =I15-J15 -> 20591.667
A16: 114 | B16: Rohini Markute | C16: Admin | D16: 20000 | E16: =D16*50% -> 10000 | F16: =D16*20% -> 4000 | G16: =D16*10% -> 2000 | H16: =2500/12 -> 208.33333 | I16: =SUM(D16:F16) -> 34000 | J16: =SUM(G16:H16) -> 2208.3333 | K16: =I16-J16 -> 31791.667
A17: 115 | B17: Raja Verma | C17: Training | D17: 23000 | E17: =D17*50% -> 11500 | F17: =D17*20% -> 4600 | G17: =D17*10% -> 2300 | H17: =2500/12 -> 208.33333 | I17: =SUM(D17:F17) -> 39100 | J17: =SUM(G17:H17) -> 2508.3333 | K17: =I17-J17 -> 36591.667
A18: =VLOOKUP('Clean Data'!A17,'Clean Data'!A2:K92,1,0) -> 116 | B18: =VLOOKUP('Clean Data'!A17,'Clean Data'!$A$2:$K$92,2,0) -> Aman
A19: =VLOOKUP('Clean Data'!A18,'Clean Data'!A3:K93,1,0) -> 117 | B19: =VLOOKUP('Clean Data'!A18,'Clean Data'!A3:K93,2,0) -> Raju Edhe
A20: =VLOOKUP('Clean Data'!A19,'Clean Data'!A4:K94,1,0) -> 118 | B20: =VLOOKUP('Clean Data'!A19,'Clean Data'!A4:K94,2,0) -> manurama
A21: =VLOOKUP('Clean Data'!A20,'Clean Data'!A5:K95,1,0) -> 119 | B21: =VLOOKUP('Clean Data'!A20,'Clean Data'!A5:K95,2,0) -> Akshay
A22: =VLOOKUP('Clean Data'!A21,'Clean Data'!A6:K96,1,0) -> 120 | B22: =VLOOKUP('Clean Data'!A21,'Clean Data'!A6:K96,2,0) -> Mina Kumari
A23: =VLOOKUP('Clean Data'!A22,'Clean Data'!A7:K97,1,0) -> 121 | B23: =VLOOKUP('Clean Data'!A22,'Clean Data'!A7:K97,2,0) -> Sagar Kusalkar
A24: =VLOOKUP('Clean Data'!A23,'Clean Data'!A8:K98,1,0) -> 122 | B24: =VLOOKUP('Clean Data'!A23,'Clean Data'!A8:K98,2,0) -> Santosh Kusalkar
A25: =VLOOKUP('Clean Data'!A24,'Clean Data'!A9:K99,1,0) -> 123 | B25: =VLOOKUP('Clean Data'!A24,'Clean Data'!A9:K99,2,0) -> Aditya Bhode
A26: =VLOOKUP('Clean Data'!A25,'Clean Data'!A10:K100,1,0) -> 124 | B26: =VLOOKUP('Clean Data'!A25,'Clean Data'!A10:K100,2,0) -> Sahil Doundkar
A27: =VLOOKUP('Clean Data'!A26,'Clean Data'!A11:K101,1,0) -> 125 | B27: =VLOOKUP('Clean Data'!A26,'Clean Data'!A11:K101,2,0) -> Ajay Rathod
A28: =VLOOKUP('Clean Data'!A27,'Clean Data'!A12:K102,1,0) -> 126 | B28: =VLOOKUP('Clean Data'!A27,'Clean Data'!A12:K102,2,0) -> Vaishnavi Alandkar
A29: =VLOOKUP('Clean Data'!A28,'Clean Data'!A13:K103,1,0) -> 127 | B29: =VLOOKUP('Clean Data'!A28,'Clean Data'!A13:K103,2,0) -> Manish Verma
A30: =VLOOKUP('Clean Data'!A29,'Clean Data'!A14:K104,1,0) -> 128 | B30: =VLOOKUP('Clean Data'!A29,'Clean Data'!A14:K104,2,0) -> Jyoti Verma
... A93: =VLOOKUP('Clean Data'!A92,'Clean Data'!A77:K167,1,0) -> 191 | B93: =VLOOKUP('Clean Data'!A92,'Clean Data'!A77:K167,2,0) -> Aarti Nawale

Sheet pivot table
A1: Emp ID | B1: Employee Name | C1: Department | D1: Basic_Sal | E1: HRA | F1: DA | G1: PF | H1: PT | I1: Gross | J1: Deduction | K1: Net_Sal
A2: 101 | B2: Tejswini Doundkar | C2: Sales | D2: 15000 | E2: =D2*50% -> 7500 | F2: =D2*20% -> 3000 | G2: =D2*10% -> 1500 | H2: =2500/12 -> 208.33333 | I2: =SUM(D2:F2) -> 25500 | J2: =SUM(G2:H2) -> 1708.3333 | K2: =I2-J2 -> 23791.667
A3: 102 | B3: Minakshi Narke | C3: Marketing | D3: 18000 | E3: =D3*50% -> 9000 | F3: =D3*20% -> 3600 | G3: =D3*10% -> 1800 | H3: =2500/12 -> 208.33333 | I3: =SUM(D3:F3) -> 30600 | J3: =SUM(G3:H3) -> 2008.3333 | K3: =I3-J3 -> 28591.667 | O3: Row Labels | P3: Sum of Emp ID | Q3: Sum of Basic_Sal | R3: Sum of Gross | S3: Sum of Net_Sal | T3: Sum of Difference
A4: 103 | B4: Swati more | C4: Training | D4: 16000 | E4: =D4*50% -> 8000 | F4: =D4*20% -> 3200 | G4: =D4*10% -> 1600 | H4: =2500/12 -> 208.33333 | I4: =SUM(D4:F4) -> 27200 | J4: =SUM(G4:H4) -> 1808.3333 | K4: =I4-J4 -> 25391.667 | O4: Aankush Lokhande | P4: 110 | Q4: 21000 | R4: 35700 | S4: 33391.667 | T4: 2308.3333
A5: 104 | B5: sidhu Kamte | C5: Admin | D5: 17000 | E5: =D5*50% -> 8500 | F5: =D5*20% -> 3400 | G5: =D5*10% -> 1700 | H5: =2500/12 -> 208.33333 | I5: =SUM(D5:F5) -> 28900 | J5: =SUM(G5:H5) -> 1908.3333 | K5: =I5-J5 -> 26991.667 | O5: Aarti Nawale | P5: 191 | Q5: 27345.238 | R5: 46486.905 | S5: 43544.048 | T5: 2942.8571
A6: 105 | B6: Mayur Gore | C6: Legal | D6: 20000 | E6: =D6*50% -> 10000 | F6: =D6*20% -> 4000 | G6: =D6*10% -> 2000 | H6: =2500/12 -> 208.33333 | I6: =SUM(D6:F6) -> 34000 | J6: =SUM(G6:H6) -> 2208.3333 | K6: =I6-J6 -> 31791.667 | O6: Aditya Bhode | P6: 123 | Q6: 19088.095 | R6: 32449.762 | S6: 30332.619 | T6: 2117.1429
A7: 106 | B7: Hemal cholangi | C7: Legal | D7: 21000 | E7: =D7*50% -> 10500 | F7: =D7*20% -> 4200 | G7: =D7*10% -> 2100 | H7: =2500/12 -> 208.33333 | I7: =SUM(D7:F7) -> 35700 | J7: =SUM(G7:H7) -> 2308.3333 | K7: =I7-J7 -> 33391.667 | O7: Aditya Birla | P7: 107 | Q7: 13000 | R7: 22100 | S7: 20591.667 | T7: 1508.3333
A8: 107 | B8: Aditya Birla | C8: Marketing | D8: 13000 | E8: =D8*50% -> 6500 | F8: =D8*20% -> 2600 | G8: =D8*10% -> 1300 | H8: =2500/12 -> 208.33333 | I8: =SUM(D8:F8) -> 22100 | J8: =SUM(G8:H8) -> 1508.3333 | K8: =I8-J8 -> 20591.667 | O8: aishwarya Pagare | P8: 136 | Q8: 20666.667 | R8: 35133.333 | S8: 32858.333 | T8: 2275
A9: 108 | B9: Harsh Londhe | C9: Sales | D9: 14000 | E9: =D9*50% -> 7000 | F9: =D9*20% -> 2800 | G9: =D9*10% -> 1400 | H9: =2500/12 -> 208.33333 | I9: =SUM(D9:F9) -> 23800 | J9: =SUM(G9:H9) -> 1608.3333 | K9: =I9-J9 -> 22191.667 | O9: Ajay Rathod | P9: 125 | Q9: 19330.952 | R9: 32862.619 | S9: 30721.19 | T9: 2141.4286
A10: 109 | B10: Kaveri Pagare | C10: Admin | D10: 17000 | E10: =D10*50% -> 8500 | F10: =D10*20% -> 3400 | G10: =D10*10% -> 1700 | H10: =2500/12 -> 208.33333 | I10: =SUM(D10:F10) -> 28900 | J10: =SUM(G10:H10) -> 1908.3333 | K10: =I10-J10 -> 26991.667 | O10: Akshay | P10: 119 | Q10: 18602.381 | R10: 31624.048 | S10: 29555.476 | T10: 2068.5714
A11: 110 | B11: Aankush Lokhande | C11: Training | D11: 21000 | E11: =D11*50% -> 10500 | F11: =D11*20% -> 4200 | G11: =D11*10% -> 2100 | H11: =2500/12 -> 208.33333 | I11: =SUM(D11:F11) -> 35700 | J11: =SUM(G11:H11) -> 2308.3333 | K11: =I11-J11 -> 33391.667 | O11: Akshay kumar | P11: 171 | Q11: 24916.667 | R11: 42358.333 | S11: 39658.333 | T11: 2700
A12: 111 | B12: Kishori Mehata | C12: Sales | D12: 19000 | E12: =D12*50% -> 9500 | F12: =D12*20% -> 3800 | G12: =D12*10% -> 1900 | H12: =2500/12 -> 208.33333 | I12: =SUM(D12:F12) -> 32300 | J12: =SUM(G12:H12) -> 2108.3333 | K12: =I12-J12 -> 30191.667 | O12: Alisha Ghadge | P12: 173 | Q12: 25159.524 | R12: 42771.19 | S12: 40046.905 | T12: 2724.2857
A13: 112 | B13: Sonalika Bhide | C13: Marketing | D13: 12000 | E13: =D13*50% -> 6000 | F13: =D13*20% -> 2400 | G13: =D13*10% -> 1200 | H13: =2500/12 -> 208.33333 | I13: =SUM(D13:F13) -> 20400 | J13: =SUM(G13:H13) -> 1408.3333 | K13: =I13-J13 -> 18991.667 | O13: Aman | P13: 116 | Q13: 18238.095 | R13: 31004.762 | S13: 28972.619 | T13: 2032.1429
A14: 113 | B14: Roshan Sodhi | C14: Legal | D14: 13000 | E14: =D14*50% -> 6500 | F14: =D14*20% -> 2600 | G14: =D14*10% -> 1300 | H14: =2500/12 -> 208.33333 | I14: =SUM(D14:F14) -> 22100 | J14: =SUM(G14:H14) -> 1508.3333 | K14: =I14-J14 -> 20591.667 | O14: Ankur Warikko | P14: 186 | Q14: 26738.095 | R14: 45454.762 | S14: 42572.619 | T14: 2882.1429
A15: 114 | B15: Rohini Markute | C15: Admin | D15: 20000 | E15: =D15*50% -> 10000 | F15: =D15*20% -> 4000 | G15: =D15*10% -> 2000 | H15: =2500/12 -> 208.33333 | I15: =SUM(D15:F15) -> 34000 | J15: =SUM(G15:H15) -> 2208.3333 | K15: =I15-J15 -> 31791.667 | O15: Aradhya ghode | P15: 132 | Q15: 20180.952 | R15: 34307.619 | S15: 32081.19 | T15: 2226.4286
... A92: 191 | B92: Aarti Nawale | C92: Sales | D92: 27345.238 | E92: =D92*50% -> 13672.619 | F92: =D92*20% -> 5469.0476 | G92: =D92*10% -> 2734.5238 | H92: =2500/12 -> 208.33333 | I92: =SUM(D92:F92) -> 46486.905 | J92: =SUM(G92:H92) -> 2942.8571 | K92: =I92-J92 -> 43544.048 | O92: yashraj gupta | P92: 160 | Q92: 23580.952 | R92: 40087.619 | S92: 37521.19 | T92: 2566.4286
O93: Yogesh Valanj | P93: 179 | Q93: 25888.095 | R93: 44009.762 | S93: 41212.619 | T93: 2797.1429
O94: Zara Khan | P94: 154 | Q94: 22852.381 | R94: 38849.048 | S94: 36355.476 | T94: 2493.5714
O95: Grand Total | P95: 13286 | Q95: 1991166.7 | R95: 3384983.3 | S95: 3166908.3 | T95: 218075

Sheet conditional Formatting
A1: Emp ID | B1: Employee Name | C1: Department | D1: Basic_Sal | E1: HRA | F1: DA | G1: PF | H1: PT | I1: Gross | J1: Deduction | K1: Net_Sal
A2: 101 | B2: Tejswini Doundkar | C2: Sales | D2: 15000 | E2: =D2*50% -> 7500 | F2: =D2*20% -> 3000 | G2: =D2*10% -> 1500 | H2: =2500/12 -> 208.33333 | I2: =SUM(D2:F2) -> 25500 | J2: =SUM(G2:H2) -> 1708.3333 | K2: =I2-J2 -> 23791.667
A3: 102 | B3: Minakshi Narke | C3: Marketing | D3: 18000 | E3: =D3*50% -> 9000 | F3: =D3*20% -> 3600 | G3: =D3*10% -> 1800 | H3: =2500/12 -> 208.33333 | I3: =SUM(D3:F3) -> 30600 | J3: =SUM(G3:H3) -> 2008.3333 | K3: =I3-J3 -> 28591.667
A4: 103 | B4: Swati more | C4: Training | D4: 16000 | E4: =D4*50% -> 8000 | F4: =D4*20% -> 3200 | G4: =D4*10% -> 1600 | H4: =2500/12 -> 208.33333 | I4: =SUM(D4:F4) -> 27200 | J4: =SUM(G4:H4) -> 1808.3333 | K4: =I4-J4 -> 25391.667
A5: 104 | B5: sidhu Kamte | C5: Admin | D5: 17000 | E5: =D5*50% -> 8500 | F5: =D5*20% -> 3400 | G5: =D5*10% -> 1700 | H5: =2500/12 -> 208.33333 | I5: =SUM(D5:F5) -> 28900 | J5: =SUM(G5:H5) -> 1908.3333 | K5: =I5-J5 -> 26991.667
A6: 105 | B6: Mayur Gore | C6: Legal | D6: 20000 | E6: =D6*50% -> 10000 | F6: =D6*20% -> 4000 | G6: =D6*10% -> 2000 | H6: =2500/12 -> 208.33333 | I6: =SUM(D6:F6) -> 34000 | J6: =SUM(G6:H6) -> 2208.3333 | K6: =I6-J6 -> 31791.667
A7: 106 | B7: Hemal cholangi | C7: Legal | D7: 21000 | E7: =D7*50% -> 10500 | F7: =D7*20% -> 4200 | G7: =D7*10% -> 2100 | H7: =2500/12 -> 208.33333 | I7: =SUM(D7:F7) -> 35700 | J7: =SUM(G7:H7) -> 2308.3333 | K7: =I7-J7 -> 33391.667
A8: 107 | B8: Aditya Birla | C8: Marketing | D8: 13000 | E8: =D8*50% -> 6500 | F8: =D8*20% -> 2600 | G8: =D8*10% -> 1300 | H8: =2500/12 -> 208.33333 | I8: =SUM(D8:F8) -> 22100 | J8: =SUM(G8:H8) -> 1508.3333 | K8: =I8-J8 -> 20591.667
A9: 108 | B9: Harsh Londhe | C9: Sales | D9: 14000 | E9: =D9*50% -> 7000 | F9: =D9*20% -> 2800 | G9: =D9*10% -> 1400 | H9: =2500/12 -> 208.33333 | I9: =SUM(D9:F9) -> 23800 | J9: =SUM(G9:H9) -> 1608.3333 | K9: =I9-J9 -> 22191.667
A10: 109 | B10: Kaveri Pagare | C10: Admin | D10: 17000 | E10: =D10*50% -> 8500 | F10: =D10*20% -> 3400 | G10: =D10*10% -> 1700 | H10: =2500/12 -> 208.33333 | I10: =SUM(D10:F10) -> 28900 | J10: =SUM(G10:H10) -> 1908.3333 | K10: =I10-J10 -> 26991.667
A11: 110 | B11: Aankush Lokhande | C11: Training | D11: 21000 | E11: =D11*50% -> 10500 | F11: =D11*20% -> 4200 | G11: =D11*10% -> 2100 | H11: =2500/12 -> 208.33333 | I11: =SUM(D11:F11) -> 35700 | J11: =SUM(G11:H11) -> 2308.3333 | K11: =I11-J11 -> 33391.667
A12: 111 | B12: Kishori Mehata | C12: Sales | D12: 19000 | E12: =D12*50% -> 9500 | F12: =D12*20% -> 3800 | G12: =D12*10% -> 1900 | H12: =2500/12 -> 208.33333 | I12: =SUM(D12:F12) -> 32300 | J12: =SUM(G12:H12) -> 2108.3333 | K12: =I12-J12 -> 30191.667
A13: 112 | B13: Sonalika Bhide | C13: Marketing | D13: 12000 | E13: =D13*50% -> 6000 | F13: =D13*20% -> 2400 | G13: =D13*10% -> 1200 | H13: =2500/12 -> 208.33333 | I13: =SUM(D13:F13) -> 20400 | J13: =SUM(G13:H13) -> 1408.3333 | K13: =I13-J13 -> 18991.667
... A92: 191 | B92: Aarti Nawale | C92: Sales | D92: 27345.238 | E92: =D92*50% -> 13672.619 | F92: =D92*20% -> 5469.0476 | G92: =D92*10% -> 2734.5238 | H92: =2500/12 -> 208.33333 | I92: =SUM(D92:F92) -> 46486.905 | J92: =SUM(G92:H92) -> 2942.8571 | K92: =I92-J92 -> 43544.048

Sheet Array Functions
A1: Emp ID | B1: Employee Name | C1: Department | D1: Basic_Sal | E1: HRA | F1: DA | G1: PF | H1: PT | I1: Gross | J1: Deduction | K1: Net_Sal
A2: 110 | B2: Aankush Lokhande | C2: Training | D2: 21000 | E2: =D2*50% -> 10500 | F2: =D2*20% -> 4200 | G2: =D2*10% -> 2100 | H2: =2500/12 -> 208.33333 | I2: =SUM(D2:F2) -> 35700 | J2: =SUM(G2:H2) -> 2308.3333 | K2: =I2-J2 -> 33391.667 | M2: Criteria
A3: 191 | B3: Aarti Nawale | C3: Sales | D3: 27345.238 | E3: =D3*50% -> 13672.619 | F3: =D3*20% -> 5469.0476 | G3: =D3*10% -> 2734.5238 | H3: =2500/12 -> 208.33333 | I3: =SUM(D3:F3) -> 46486.905 | J3: =SUM(G3:H3) -> 2942.8571 | K3: =I3-J3 -> 43544.048 | M3: Department | N3: Basic_Sal | P3: Emp ID | Q3: Employee Name | R3: Department | S3: Basic_Sal | T3: HRA | U3: DA | V3: PF | W3: PT | X3: Gross | Y3: Deduction | Z3: Net_Sal
A4: 123 | B4: Aditya Bhode | C4: Sales | D4: 19088.095 | E4: =D4*50% -> 9544.0476 | F4: =D4*20% -> 3817.619 | G4: =D4*10% -> 1908.8095 | H4: =2500/12 -> 208.33333 | I4: =SUM(D4:F4) -> 32449.762 | J4: =SUM(G4:H4) -> 2117.1429 | K4: =I4-J4 -> 30332.619 | M4: Training | N4: <20000 | P4: 125 | Q4: Ajay Rathod | R4: Training | S4: 19330.952 | T4: 9665.4762 | U4: 3866.1905 | V4: 1933.0952 | W4: 208.33333 | X4: 32862.619 | Y4: 2141.4286 | Z4: 30721.19
A5: 107 | B5: Aditya Birla | C5: Marketing | D5: 13000 | E5: =D5*50% -> 6500 | F5: =D5*20% -> 2600 | G5: =D5*10% -> 1300 | H5: =2500/12 -> 208.33333 | I5: =SUM(D5:F5) -> 22100 | J5: =SUM(G5:H5) -> 1508.3333 | K5: =I5-J5 -> 20591.667 | P5: 118 | Q5: manurama | R5: Training | S5: 18480.952 | T5: 9240.4762 | U5: 3696.1905 | V5: 1848.0952 | W5: 208.33333 | X5: 31417.619 | Y5: 2056.4286 | Z5: 29361.19
A6: 136 | B6: aishwarya Pagare | C6: Legal | D6: 20666.667 | E6: =D6*50% -> 10333.333 | F6: =D6*20% -> 4133.3333 | G6: =D6*10% -> 2066.6667 | H6: =2500/12 -> 208.33333 | I6: =SUM(D6:F6) -> 35133.333 | J6: =SUM(G6:H6) -> 2275 | K6: =I6-J6 -> 32858.333 | P6: 130 | Q6: Shorya Pingle | R6: Training | S6: 19938.095 | T6: 9969.0476 | U6: 3987.619 | V6: 1993.8095 | W6: 208.33333 | X6: 33894.762 | Y6: 2202.1429 | Z6: 31692.619
A7: 125 | B7: Ajay Rathod | C7: Training | D7: 19330.952 | E7: =D7*50% -> 9665.4762 | F7: =D7*20% -> 3866.1905 | G7: =D7*10% -> 1933.0952 | H7: =2500/12 -> 208.33333 | I7: =SUM(D7:F7) -> 32862.619 | J7: =SUM(G7:H7) -> 2141.4286 | K7: =I7-J7 -> 30721.19 | P7: 103 | Q7: Swati more | R7: Training | S7: 16000 | T7: 8000 | U7: 3200 | V7: 1600 | W7: 208.33333 | X7: 27200 | Y7: 1808.3333 | Z7: 25391.667
A8: 119 | B8: Akshay | C8: Admin | D8: 18602.381 | E8: =D8*50% -> 9301.1905 | F8: =D8*20% -> 3720.4762 | G8: =D8*10% -> 1860.2381 | H8: =2500/12 -> 208.33333 | I8: =SUM(D8:F8) -> 31624.048 | J8: =SUM(G8:H8) -> 2068.5714 | K8: =I8-J8 -> 29555.476
A9: 171 | B9: Akshay kumar | C9: Sales | D9: 24916.667 | E9: =D9*50% -> 12458.333 | F9: =D9*20% -> 4983.3333 | G9: =D9*10% -> 2491.6667 | H9: =2500/12 -> 208.33333 | I9: =SUM(D9:F9) -> 42358.333 | J9: =SUM(G9:H9) -> 2700 | K9: =I9-J9 -> 39658.333
A10: 173 | B10: Alisha Ghadge | C10: Legal | D10: 25159.524 | E10: =D10*50% -> 12579.762 | F10: =D10*20% -> 5031.9048 | G10: =D10*10% -> 2515.9524 | H10: =2500/12 -> 208.33333 | I10: =SUM(D10:F10) -> 42771.19 | J10: =SUM(G10:H10) -> 2724.2857 | K10: =I10-J10 -> 40046.905
A11: 116 | B11: Aman | C11: Sales | D11: 18238.095 | E11: =D11*50% -> 9119.0476 | F11: =D11*20% -> 3647.619 | G11: =D11*10% -> 1823.8095 | H11: =2500/12 -> 208.33333 | I11: =SUM(D11:F11) -> 31004.762 | J11: =SUM(G11:H11) -> 2032.1429 | K11: =I11-J11 -> 28972.619
A12: 182 | B12: Ankur Warikko | C12: Marketing | D12: 26252.381 | E12: =D12*50% -> 13126.19 | F12: =D12*20% -> 5250.4762 | G12: =D12*10% -> 2625.2381 | H12: =2500/12 -> 208.33333 | I12: =SUM(D12:F12) -> 44629.048 | J12: =SUM(G12:H12) -> 2833.5714 | K12: =I12-J12 -> 41795.476
A13: 186 | B13: Ankur Warikko | C13: Sales | D13: 26738.095 | E13: =D13*50% -> 13369.048 | F13: =D13*20% -> 5347.619 | G13: =D13*10% -> 2673.8095 | H13: =2500/12 -> 208.33333 | I13: =SUM(D13:F13) -> 45454.762 | J13: =SUM(G13:H13) -> 2882.1429 | K13: =I13-J13 -> 42572.619
A14: 132 | B14: Aradhya ghode | C14: Marketing | D14: 20180.952 | E14: =D14*50% -> 10090.476 | F14: =D14*20% -> 4036.1905 | G14: =D14*10% -> 2018.0952 | H14: =2500/12 -> 208.33333 | I14: =SUM(D14:F14) -> 34307.619 | J14: =SUM(G14:H14) -> 2226.4286 | K14: =I14-J14 -> 32081.19
A15: 151 | B15: Ashok kumade | C15: Legal | D15: 22488.095 | E15: =D15*50% -> 11244.048 | F15: =D15*20% -> 4497.619 | G15: =D15*10% -> 2248.8095 | H15: =2500/12 -> 208.33333 | I15: =SUM(D15:F15) -> 38229.762 | J15: =SUM(G15:H15) -> 2457.1429 | K15: =I15-J15 -> 35772.619
A16: 176 | B16: Champa Chameli | C16: Sales | D16: 25523.81 | E16: =D16*50% -> 12761.905 | F16: =D16*20% -> 5104.7619 | G16: =D16*10% -> 2552.381 | H16: =2500/12 -> 208.33333 | I16: =SUM(D16:F16) -> 43390.476 | J16: =SUM(G16:H16) -> 2760.7143 | K16: =I16-J16 -> 40629.762
A17: 129 | B17: Dimpal kapadya | C17: Admin | D17: 19816.667 | E17: =D17*50% -> 9908.3333 | F17: =D17*20% -> 3963.3333 | G17: =D17*10% -> 1981.6667 | H17: =2500/12 -> 208.33333 | I17: =SUM(D17:F17) -> 33688.333 | J17: =SUM(G17:H17) -> 2190 | K17: =I17-J17 -> 31498.333
A18: 144 | B18: dimppy | C18: Admin | D18: 21638.095 | E18: =D18*50% -> 10819.048 | F18: =D18*20% -> 4327.619 | G18: =D18*10% -> 2163.8095 | H18: =2500/12 -> 208.33333 | I18: =SUM(D18:F18) -> 36784.762 | J18: =SUM(G18:H18) -> 2372.1429 | K18: =I18-J18 -> 34412.619
A19: 142 | B19: dipali potdar | C19: Marketing | D19: 21395.238 | E19: =D19*50% -> 10697.619 | F19: =D19*20% -> 4279.0476 | G19: =D19*10% -> 2139.5238 | H19: =2500/12 -> 208.33333 | I19: =SUM(D19:F19) -> 36371.905 | J19: =SUM(G19:H19) -> 2347.8571 | K19: =I19-J19 -> 34024.048
... A92: 154 | B92: Zara Khan | C92: Admin | D92: 22852.381 | E92: =D92*50% -> 11426.19 | F92: =D92*20% -> 4570.4762 | G92: =D92*10% -> 2285.2381 | H92: =2500/12 -> 208.33333 | I92: =SUM(D92:F92) -> 38849.048 | J92: =SUM(G92:H92) -> 2493.5714 | K92: =I92-J92 -> 36355.476
