Workbook

Sheet Main Data
A1: FirstName | B1: Age | C1: Gender | D1: Department | E1: JobTitle | F1: Employee ID | G1: Salary | H1: Date Of Hire | I1: Phone | J1: Address | K1: City | L1: State | M1: Country | N1: Performance Rating | O1: Manager ID
A2: Aaron | B2: 22 | C2: Female | D2: Finance | E2: Project Manager | F2: 1001 | G2: 186978.16 | H2: 43595 | I2: 555-01001 | J2: 1 Main St | K2: New York | L2: NK | M2: USA | N2: 2.94 | O2: 182
A3: Abby | B3: 25 | C3: Other | D3: Development | E3: Sales Executive | F3: 1002 | G3: 180610.63 | H3: 44927 | I3: 555-01002 | J3: 2 Main St | K3: Paris | L3: PA | M3: France | N3: 3.75 | O3: 86
A4: Abel | B4: 25 | C4: Other | D4: Finance | E4: Analyst | F4: 1003 | G4: 85152.37 | H4: 44012 | I4: 555-01003 | J4: 3 Main St | K4: London | L4: LN | M4: UK | N4: 3.93 | O4: 49
A5: Abigail | B5: 61 | C5: Other | D5: Finance | E5: Project Manager | F5: 1004 | G5: 68024.81 | H5: 40924 | I5: 555-01004 | J5: 4 Main St | K5: Dubai | L5: DB | M5: UAE | N5: 4.38 | O5: 165
A6: Abraham | B6: 31 | C6: Other | D6: Support | E6: Software Engineer | F6: 1005 | G6: 130122.92 | H6: 43338 | I6: 555-01005 | J6: 5 Main St | K6: Tokyo | L6: TK | M6: Japan | N6: 2.77 | O6: 130
A7: Adam | B7: 41 | C7: Female | D7: Marketing | E7: Software Engineer | F7: 1006 | G7: 128330.48 | H7: 44314 | I7: 555-01006 | J7: 6 Main St | K7: Sydney | L7: SD | M7: Australia | N7: 1.34 | O7: 56
A8: Addison | B8: 43 | C8: Male | D8: Development | E8: Software Engineer | F8: 1007 | G8: 119762.64 | H8: 39611 | I8: 555-01007 | J8: 7 Main St | K8: New York | L8: NK | M8: USA | N8: 4.36 | O8: 87
A9: Adele | B9: 58 | C9: Other | D9: Finance | E9: Sales Executive | F9: 1008 | G9: 126188.66 | H9: 41122 | I9: 555-01008 | J9: 8 Main St | K9: Paris | L9: PA | M9: France | N9: 4.99 | O9: 190
A10: Adrian | B10: 45 | C10: Male | D10: HR | E10: Analyst | F10: 1009 | G10: 140463.31 | H10: 44175 | I10: 555-01009 | J10: 9 Main St | K10: London | L10: LN | M10: UK | N10: 2.91 | O10: 175
A11: Aidan | B11: 28 | C11: Other | D11: Marketing | E11: Software Engineer | F11: 1010 | G11: 192474.29 | H11: 41994 | I11: 555-01000 | J11: 10 Main St | K11: Dubai | L11: DB | M11: UAE | N11: 3.14 | O11: 74
A12: Ainsley | B12: 46 | C12: Other | D12: Development | E12: Analyst | F12: 1011 | G12: 186296.33 | H12: 38409 | I12: 555-01001 | J12: 11 Main St | K12: Tokyo | L12: TK | M12: Japan | N12: 4.52 | O12: 13
A13: Aisha | B13: 46 | C13: Other | D13: Finance | E13: Software Engineer | F13: 1012 | G13: 155436.02 | H13: 44747 | I13: 555-01002 | J13: 12 Main St | K13: Sydney | L13: SD | M13: Australia | N13: 4.82 | O13: 189
... A976: Nelson | B976: 38 | C976: Female | D976: Marketing | E976: Analyst | F976: 1975 | G976: 154489.52 | H976: 43574 | I976: 555-01005 | J976: 975 Main St | K976: Tokyo | L976: TK | M976: Japan | N976: 4.27 | O976: 118
A977: Nia | B977: 61 | C977: Other | D977: Marketing | E977: Analyst | F977: 1976 | G977: 126339.6 | H977: 38651 | I977: 555-01006 | J977: 976 Main St | K977: New York | L977: NK | M977: USA | N977: 1.16 | O977: 68 | R977: =COUNTIF(M2:M1001,"USA") -> 199
A978: Nicholas | B978: 23 | C978: Male | D978: HR | E978: Analyst | F978: 1977 | G978: 158961.89 | H978: 44486 | I978: 555-01007 | J978: 977 Main St | K978: Paris | L978: PA | M978: France | N978: 3.42 | O978: 23
A979: Nick | B979: 40 | C979: Female | D979: Development | E979: Software Engineer | F979: 1978 | G979: 180855.63 | H979: 39715 | I979: 555-01008 | J979: 978 Main St | K979: London | L979: LN | M979: UK | N979: 3.75 | O979: 124
A980: Nicki | B980: 50 | C980: Other | D980: Marketing | E980: Software Engineer | F980: 1979 | G980: 124186.42 | H980: 37628 | I980: 555-01009 | J980: 979 Main St | K980: Dubai | L980: DB | M980: UAE | N980: 1.72 | O980: 112 | R980: {=Sum} -> #NAME?
A981: Nicola | B981: 22 | C981: Male | D981: Finance | E981: Project Manager | F981: 1980 | G981: 178381.65 | H981: 37838 | I981: 555-01000 | J981: 980 Main St | K981: Tokyo | L981: TK | M981: Japan | N981: 2.61 | O981: 20
A982: Nicole | B982: 43 | C982: Female | D982: Finance | E982: Project Manager | F982: 1981 | G982: 51904.54 | H982: 40876 | I982: 555-01001 | J982: 981 Main St | K982: New York | L982: NK | M982: USA | N982: 3.56 | O982: 120
A983: Nicolette | B983: 46 | C983: Male | D983: Finance | E983: HR Specialist | F983: 1982 | G983: 144512.17 | H983: 36841 | I983: 555-01002 | J983: 982 Main St | K983: Paris | L983: PA | M983: France | N983: 1.29 | O983: 55
A984: Nigel | B984: 31 | C984: Female | D984: Marketing | E984: Software Engineer | F984: 1983 | G984: 198036.38 | H984: 38308 | I984: 555-01003 | J984: 983 Main St | K984: London | L984: LN | M984: UK | N984: 3.23 | O984: 145
A985: Nikki | B985: 30 | C985: Female | D985: Marketing | E985: Sales Executive | F985: 1984 | G985: 94047.25 | H985: 37197 | I985: 555-01004 | J985: 984 Main St | K985: Dubai | L985: DB | M985: UAE | N985: 2.78 | O985: 144
A986: Nina | B986: 40 | C986: Other | D986: Marketing | E986: Project Manager | F986: 1985 | G986: 158473.84 | H986: 37123 | I986: 555-01005 | J986: 985 Main St | K986: Tokyo | L986: TK | M986: Japan | N986: 2.52 | O986: 176
A987: Noah | B987: 33 | C987: Other | D987: Marketing | E987: Sales Executive | F987: 1986 | G987: 83666.15 | H987: 38205 | I987: 555-01006 | J987: 986 Main St | K987: New York | L987: NK | M987: USA | N987: 2.09 | O987: 159
A988: Noel | B988: 50 | C988: Other | D988: Finance | E988: Project Manager | F988: 1987 | G988: 195959.86 | H988: 39207 | I988: 555-01007 | J988: 987 Main St | K988: Paris | L988: PA | M988: France | N988: 4.02 | O988: 1
A989: Noelle | B989: 39 | C989: Other | D989: HR | E989: Sales Executive | F989: 1988 | G989: 116615.3 | H989: 41029 | I989: 555-01008 | J989: 988 Main St | K989: London | L989: LN | M989: UK | N989: 3.58 | O989: 171
A990: Nolan | B990: 37 | C990: Other | D990: HR | E990: Sales Executive | F990: 1989 | G990: 151533.74 | H990: 42997 | I990: 555-01009 | J990: 989 Main St | K990: Dubai | L990: DB | M990: UAE | N990: 3.33 | O990: 124
A991: Nola | B991: 25 | C991: Female | D991: Marketing | E991: Project Manager | F991: 1990 | G991: 126087.4 | H991: 38932 | I991: 555-01000 | J991: 990 Main St | K991: Tokyo | L991: TK | M991: Japan | N991: 4.04 | O991: 17
A992: Nora | B992: 64 | C992: Other | D992: Finance | E992: Software Engineer | F992: 1991 | G992: 62115.94 | H992: 43350 | I992: 555-01001 | J992: 991 Main St | K992: New York | L992: NK | M992: USA | N992: 1.26 | O992: 61
... A1001: Nyla | B1001: 47 | C1001: Female | D1001: Development | E1001: Project Manager | F1001: 2000 | G1001: 56975.31 | H1001: 42509 | I1001: 555-01000 | J1001: 1000 Main St | K1001: Tokyo | L1001: TK | M1001: Japan | N1001: 2.39 | O1001: 66

Sheet IF Analysis
A1: FirstName | B1: Age | C1: Gender | D1: Department | E1: JobTitle | F1: Employee ID | G1: Salary | H1: Date Of Hire | I1: Phone | J1: Address | K1: City | L1: State | M1: Country | N1: Performance Rating | O1: Performance Category | P1: Manager ID
A2: Aaron | B2: 22 | C2: Female | D2: Finance | E2: Project Manager | F2: 1001 | G2: 186978.16 | H2: 43595 | I2: 555-01001 | J2: 1 Main St | K2: New York | L2: NK | M2: USA | N2: 2.94 | O2: =IF(N2>=4,"Excellent",IF(N2>=3,"Good",IF(N2>=2,"Average","Poor"))) -> Average | P2: 182
A3: Abby | B3: 25 | C3: Other | D3: Development | E3: Sales Executive | F3: 1002 | G3: 180610.63 | H3: 44927 | I3: 555-01002 | J3: 2 Main St | K3: Paris | L3: PA | M3: France | N3: 3.75 | O3: =IF(N3>=4,"Excellent",IF(N3>=3,"Good",IF(N3>=2,"Average","Poor"))) -> Good | P3: 86
A4: Abel | B4: 25 | C4: Other | D4: Finance | E4: Analyst | F4: 1003 | G4: 85152.37 | H4: 44012 | I4: 555-01003 | J4: 3 Main St | K4: London | L4: LN | M4: UK | N4: 3.93 | O4: =IF(N4>=4,"Excellent",IF(N4>=3,"Good",IF(N4>=2,"Average","Poor"))) -> Good | P4: 49
A5: Abigail | B5: 61 | C5: Other | D5: Finance | E5: Project Manager | F5: 1004 | G5: 68024.81 | H5: 40924 | I5: 555-01004 | J5: 4 Main St | K5: Dubai | L5: DB | M5: UAE | N5: 4.38 | O5: =IF(N5>=4,"Excellent",IF(N5>=3,"Good",IF(N5>=2,"Average","Poor"))) -> Excellent | P5: 165
A6: Abraham | B6: 31 | C6: Other | D6: Support | E6: Software Engineer | F6: 1005 | G6: 130122.92 | H6: 43338 | I6: 555-01005 | J6: 5 Main St | K6: Tokyo | L6: TK | M6: Japan | N6: 2.77 | O6: =IF(N6>=4,"Excellent",IF(N6>=3,"Good",IF(N6>=2,"Average","Poor"))) -> Average | P6: 130
A7: Adam | B7: 41 | C7: Female | D7: Marketing | E7: Software Engineer | F7: 1006 | G7: 128330.48 | H7: 44314 | I7: 555-01006 | J7: 6 Main St | K7: Sydney | L7: SD | M7: Australia | N7: 1.34 | O7: =IF(N7>=4,"Excellent",IF(N7>=3,"Good",IF(N7>=2,"Average","Poor"))) -> Poor | P7: 56
A8: Addison | B8: 43 | C8: Male | D8: Development | E8: Software Engineer | F8: 1007 | G8: 119762.64 | H8: 39611 | I8: 555-01007 | J8: 7 Main St | K8: New York | L8: NK | M8: USA | N8: 4.36 | O8: =IF(N8>=4,"Excellent",IF(N8>=3,"Good",IF(N8>=2,"Average","Poor"))) -> Excellent | P8: 87
A9: Adele | B9: 58 | C9: Other | D9: Finance | E9: Sales Executive | F9: 1008 | G9: 126188.66 | H9: 41122 | I9: 555-01008 | J9: 8 Main St | K9: Paris | L9: PA | M9: France | N9: 4.99 | O9: =IF(N9>=4,"Excellent",IF(N9>=3,"Good",IF(N9>=2,"Average","Poor"))) -> Excellent | P9: 190
A10: Adrian | B10: 45 | C10: Male | D10: HR | E10: Analyst | F10: 1009 | G10: 140463.31 | H10: 44175 | I10: 555-01009 | J10: 9 Main St | K10: London | L10: LN | M10: UK | N10: 2.91 | O10: =IF(N10>=4,"Excellent",IF(N10>=3,"Good",IF(N10>=2,"Average","Poor"))) -> Average | P10: 175
A11: Aidan | B11: 28 | C11: Other | D11: Marketing | E11: Software Engineer | F11: 1010 | G11: 192474.29 | H11: 41994 | I11: 555-01000 | J11: 10 Main St | K11: Dubai | L11: DB | M11: UAE | N11: 3.14 | O11: =IF(N11>=4,"Excellent",IF(N11>=3,"Good",IF(N11>=2,"Average","Poor"))) -> Good | P11: 74
A12: Ainsley | B12: 46 | C12: Other | D12: Development | E12: Analyst | F12: 1011 | G12: 186296.33 | H12: 38409 | I12: 555-01001 | J12: 11 Main St | K12: Tokyo | L12: TK | M12: Japan | N12: 4.52 | O12: =IF(N12>=4,"Excellent",IF(N12>=3,"Good",IF(N12>=2,"Average","Poor"))) -> Excellent | P12: 13
A13: Aisha | B13: 46 | C13: Other | D13: Finance | E13: Software Engineer | F13: 1012 | G13: 155436.02 | H13: 44747 | I13: 555-01002 | J13: 12 Main St | K13: Sydney | L13: SD | M13: Australia | N13: 4.82 | O13: =IF(N13>=4,"Excellent",IF(N13>=3,"Good",IF(N13>=2,"Average","Poor"))) -> Excellent | P13: 189
... A1001: Nyla | B1001: 47 | C1001: Female | D1001: Development | E1001: Project Manager | F1001: 2000 | G1001: 56975.31 | H1001: 42509 | I1001: 555-01000 | J1001: 1000 Main St | K1001: Tokyo | L1001: TK | M1001: Japan | N1001: 2.39 | O1001: =IF(N1001>=4,"Excellent",IF(N1001>=3,"Good",IF(N1001>=2,"Average","Poor"))) -> Average | P1001: 66

Sheet Lookup Analysis
B2: XLOOKUP | E2: Reverse Vlookup | L2: Index + Match Function
A4: FirstName | B4: Age | C4: Gender | E4: FirstName | F4: Age | G4: Gender | H4: Country | I4: Performance Rating | L4: FirstName | M4: Gender | N4: Salary | O4: Performance Rating
A5: Aaron | B5: {=_xlfn.XLOOKUP(A5,'Main Data'!A2:A1001,'Main Data'!B2:C1001,"Data Not Found",0)} -> 22 | C5: Female | E5: Aaron | F5: {=VLOOKUP(E5,CHOOSE({1,2,3,4,5},'Main Data'!A2:A1001,'Main Data'!B2:B1001,'Main Data'!C2:C1001,'Main Data'!M2:M1001,'Main Data'!N2:N1001),{2,3,4,5},0)} -> 22 | G5: Female | H5: USA | I5: 2.94 | L5: Aaron | M5: {=INDEX('Main Data'!A2:O1001,MATCH(L5,'Main Data'!A2:A1001,0),{3,7,14})} -> Female | N5: 186978.16 | O5: 2.94
A6: Abby | B6: {=_xlfn.XLOOKUP(A6,'Main Data'!A3:A1002,'Main Data'!B3:C1002,"Data Not Found",0)} -> 25 | C6: Other | E6: Abby | F6: {=VLOOKUP(E6,CHOOSE({1,2,3,4,5},'Main Data'!A3:A1002,'Main Data'!B3:B1002,'Main Data'!C3:C1002,'Main Data'!M3:M1002,'Main Data'!N3:N1002),{2,3,4,5},0)} -> 25 | G6: Other | H6: France | I6: 3.75 | L6: Abby | M6: {=INDEX('Main Data'!A3:O1002,MATCH(L6,'Main Data'!A3:A1002,0),{3,7,14})} -> Other | N6: 180610.63 | O6: 3.75
A7: Abel | B7: {=_xlfn.XLOOKUP(A7,'Main Data'!A4:A1003,'Main Data'!B4:C1003,"Data Not Found",0)} -> 25 | C7: Other | E7: Abel | F7: {=VLOOKUP(E7,CHOOSE({1,2,3,4,5},'Main Data'!A4:A1003,'Main Data'!B4:B1003,'Main Data'!C4:C1003,'Main Data'!M4:M1003,'Main Data'!N4:N1003),{2,3,4,5},0)} -> 25 | G7: Other | H7: UK | I7: 3.93 | L7: Abel | M7: {=INDEX('Main Data'!A4:O1003,MATCH(L7,'Main Data'!A4:A1003,0),{3,7,14})} -> Other | N7: 85152.37 | O7: 3.93
A8: Abigail | B8: {=_xlfn.XLOOKUP(A8,'Main Data'!A5:A1004,'Main Data'!B5:C1004,"Data Not Found",0)} -> 61 | C8: Other | E8: Abigail | F8: {=VLOOKUP(E8,CHOOSE({1,2,3,4,5},'Main Data'!A5:A1004,'Main Data'!B5:B1004,'Main Data'!C5:C1004,'Main Data'!M5:M1004,'Main Data'!N5:N1004),{2,3,4,5},0)} -> 61 | G8: Other | H8: UAE | I8: 4.38 | L8: Abigail | M8: {=INDEX('Main Data'!A5:O1004,MATCH(L8,'Main Data'!A5:A1004,0),{3,7,14})} -> Other | N8: 68024.81 | O8: 4.38
A9: Abraham | B9: {=_xlfn.XLOOKUP(A9,'Main Data'!A6:A1005,'Main Data'!B6:C1005,"Data Not Found",0)} -> 31 | C9: Other | E9: Abraham | F9: {=VLOOKUP(E9,CHOOSE({1,2,3,4,5},'Main Data'!A6:A1005,'Main Data'!B6:B1005,'Main Data'!C6:C1005,'Main Data'!M6:M1005,'Main Data'!N6:N1005),{2,3,4,5},0)} -> 31 | G9: Other | H9: Japan | I9: 2.77 | L9: Abraham | M9: {=INDEX('Main Data'!A6:O1005,MATCH(L9,'Main Data'!A6:A1005,0),{3,7,14})} -> Other | N9: 130122.92 | O9: 2.77
A10: Adam | B10: {=_xlfn.XLOOKUP(A10,'Main Data'!A7:A1006,'Main Data'!B7:C1006,"Data Not Found",0)} -> 41 | C10: Female | E10: Adam | F10: {=VLOOKUP(E10,CHOOSE({1,2,3,4,5},'Main Data'!A7:A1006,'Main Data'!B7:B1006,'Main Data'!C7:C1006,'Main Data'!M7:M1006,'Main Data'!N7:N1006),{2,3,4,5},0)} -> 41 | G10: Female | H10: Australia | I10: 1.34 | L10: Adam | M10: {=INDEX('Main Data'!A7:O1006,MATCH(L10,'Main Data'!A7:A1006,0),{3,7,14})} -> Female | N10: 128330.48 | O10: 1.34
A11: Addison | B11: {=_xlfn.XLOOKUP(A11,'Main Data'!A8:A1007,'Main Data'!B8:C1007,"Data Not Found",0)} -> 43 | C11: Male | E11: Addison | F11: {=VLOOKUP(E11,CHOOSE({1,2,3,4,5},'Main Data'!A8:A1007,'Main Data'!B8:B1007,'Main Data'!C8:C1007,'Main Data'!M8:M1007,'Main Data'!N8:N1007),{2,3,4,5},0)} -> 43 | G11: Male | H11: USA | I11: 4.36 | L11: Addison | M11: {=INDEX('Main Data'!A8:O1007,MATCH(L11,'Main Data'!A8:A1007,0),{3,7,14})} -> Male | N11: 119762.64 | O11: 4.36
A12: Adele | B12: {=_xlfn.XLOOKUP(A12,'Main Data'!A9:A1008,'Main Data'!B9:C1008,"Data Not Found",0)} -> 58 | C12: Other | E12: Adele | F12: {=VLOOKUP(E12,CHOOSE({1,2,3,4,5},'Main Data'!A9:A1008,'Main Data'!B9:B1008,'Main Data'!C9:C1008,'Main Data'!M9:M1008,'Main Data'!N9:N1008),{2,3,4,5},0)} -> 58 | G12: Other | H12: France | I12: 4.99 | L12: Adele | M12: {=INDEX('Main Data'!A9:O1008,MATCH(L12,'Main Data'!A9:A1008,0),{3,7,14})} -> Other | N12: 126188.66 | O12: 4.99
A13: Adrian | B13: {=_xlfn.XLOOKUP(A13,'Main Data'!A10:A1009,'Main Data'!B10:C1009,"Data Not Found",0)} -> 45 | C13: Male | E13: Adrian | F13: {=VLOOKUP(E13,CHOOSE({1,2,3,4,5},'Main Data'!A10:A1009,'Main Data'!B10:B1009,'Main Data'!C10:C1009,'Main Data'!M10:M1009,'Main Data'!N10:N1009),{2,3,4,5},0)} -> 45 | G13: Male | H13: UK | I13: 2.91 | L13: Adrian | M13: {=INDEX('Main Data'!A10:O1009,MATCH(L13,'Main Data'!A10:A1009,0),{3,7,14})} -> Male | N13: 140463.31 | O13: 2.91
A14: Aidan | B14: {=_xlfn.XLOOKUP(A14,'Main Data'!A11:A1010,'Main Data'!B11:C1010,"Data Not Found",0)} -> 28 | C14: Other | E14: Aidan | F14: {=VLOOKUP(E14,CHOOSE({1,2,3,4,5},'Main Data'!A11:A1010,'Main Data'!B11:B1010,'Main Data'!C11:C1010,'Main Data'!M11:M1010,'Main Data'!N11:N1010),{2,3,4,5},0)} -> 28 | G14: Other | H14: UAE | I14: 3.14 | L14: Aidan | M14: {=INDEX('Main Data'!A11:O1010,MATCH(L14,'Main Data'!A11:A1010,0),{3,7,14})} -> Other | N14: 192474.29 | O14: 3.14
A15: Ainsley | B15: {=_xlfn.XLOOKUP(A15,'Main Data'!A12:A1011,'Main Data'!B12:C1011,"Data Not Found",0)} -> 46 | C15: Other | E15: Ainsley | F15: {=VLOOKUP(E15,CHOOSE({1,2,3,4,5},'Main Data'!A12:A1011,'Main Data'!B12:B1011,'Main Data'!C12:C1011,'Main Data'!M12:M1011,'Main Data'!N12:N1011),{2,3,4,5},0)} -> 46 | G15: Other | H15: Japan | I15: 4.52 | L15: Ainsley | M15: {=INDEX('Main Data'!A12:O1011,MATCH(L15,'Main Data'!A12:A1011,0),{3,7,14})} -> Other | N15: 186296.33 | O15: 4.52
A16: Aisha | B16: {=_xlfn.XLOOKUP(A16,'Main Data'!A13:A1012,'Main Data'!B13:C1012,"Data Not Found",0)} -> 46 | C16: Other | E16: Aisha | F16: {=VLOOKUP(E16,CHOOSE({1,2,3,4,5},'Main Data'!A13:A1012,'Main Data'!B13:B1012,'Main Data'!C13:C1012,'Main Data'!M13:M1012,'Main Data'!N13:N1012),{2,3,4,5},0)} -> 46 | G16: Other | H16: Australia | I16: 4.82 | L16: Aisha | M16: {=INDEX('Main Data'!A13:O1012,MATCH(L16,'Main Data'!A13:A1012,0),{3,7,14})} -> Other | N16: 155436.02 | O16: 4.82
... A1004: Nyla | B1004: {=_xlfn.XLOOKUP(A1004,'Main Data'!A1001:A2000,'Main Data'!B1001:C2000,"Data Not Found",0)} -> 47 | C1004: Female | E1004: Nyla | F1004: {=VLOOKUP(E1004,CHOOSE({1,2,3,4,5},'Main Data'!A1001:A2000,'Main Data'!B1001:B2000,'Main Data'!C1001:C2000,'Main Data'!M1001:M2000,'Main Data'!N1001:N2000),{2,3,4,5},0)} -> 47 | G1004: Female | H1004: Japan | I1004: 2.39 | L1004: Nyla | M1004: {=INDEX('Main Data'!A1001:O2000,MATCH(L1004,'Main Data'!A1001:A2000,0),{3,7,14})} -> Female | N1004: 56975.31 | O1004: 2.39

Sheet Formula Analysis
A2: COUNTIF | D2: SUMIF
A3: Column2 | B3: Column1 | D3: Column1 | E3: Column2 | G3: SUM Salary | I3: Highest Salary
A4: Male | B4: =COUNTIF('Main Data'!$C$2:$C$1001,"Male") -> 322 | G4: =SUM('Main Data'!G2:G1001) -> 1.2285484e+08 | I4: =MAX('Main Data'!G2:G1001) -> 199972.19
A5: Female | B5: =COUNTIF('Main Data'!$C$2:$C$1001,"Female") -> 326 | D5: Male | E5: =SUMIF('Main Data'!C2:C1001,"Male",'Main Data'!G2:G1001) -> 40045400
D6: Female | E6: =SUMIF('Main Data'!C2:C1001,"Female",'Main Data'!G2:G1001) -> 39011023 | G6: AVERAGE Of Salary | I6: Lowest Salary
G7: =AVERAGE('Main Data'!G2:G1001) -> 122854.84 | I7: =MIN('Main Data'!G2:G1001) -> 50308.51

Sheet pivot table
B4: Row Labels | C4: Sum of Salary | D4: Count of Gender
B5: Female | C5: 39011023 | D5: 326
B6: Development | C6: 8189985 | D6: 71
B7: France | C7: 1889364.5 | D7: 17
B8: Japan | C8: 1446641.6 | D8: 13
B9: UAE | C9: 882198.68 | D9: 9
B10: UK | C10: 2389692.9 | D10: 19
B11: USA | C11: 1582087.2 | D11: 13
B12: Finance | C12: 7855928.4 | D12: 64
B13: France | C13: 1786706.7 | D13: 13
B14: Japan | C14: 1591067.6 | D14: 12
B15: UAE | C15: 941838.22 | D15: 9
B16: UK | C16: 1869406.9 | D16: 16
... B103: Grand Total | C103: 1.2285484e+08 | D103: 1000
